location,avg_temperature,avg_humidity
BuildingB_Floor2,25.02093220338983,53.24694915254236
BuildingA_Floor1,24.73271317829457,56.42717054263564
BuildingA_Floor2,24.65726235741444,56.20019011406841
BuildingB_Floor1,24.539094650205758,55.14160493827159
