sensor_id,avg_temp,rank_temp
1056,32.65333333333333,1
1098,29.458750000000002,2
1009,29.14428571428571,3
1064,29.077999999999996,4
1073,28.935454545454547,5
